{
  "p": {
    "x": 495,
    "y": 0,
    "z": 200,
    "phi_abs": 0
  },
  "p_ecu": {
    "x": 340.9615119977592,
    "y": -4.260696861962883,
    "z": 60.0,
    "phi_abs": 37.48096451751644
  },
  "Entrada": {
    "x": 100.18,
    "y": 179.88,
    "z": 200.0,
    "phi_abs": -211.27
  },
  "G": {
    "x": 212.37,
    "y": -80,
    "z": 0,
    "phi_abs": 0
  },
  "H": {
    "x": 295.38,
    "y": -200.0,
    "z": 200.0,
    "phi_abs": 89.89
  },
  "C": {
    "x": 407.3,
    "y": -159.1,
    "z": 50,
    "phi_abs": 180
  },
  "P_AGARRE": {
    "x": 364.93,
    "y": -0.99,
    "z": 380.0,
    "phi_abs": 0.27
  }
}